cycle;name;location.x;location.y;location.z;name;type;id;color;line;connected;momentToConnect;neighbors;connected_neighbors;individual_chance_to_connect
764;;614.1351259734598;521.8579176018014;0.0;;MFH;167223973;rgb (0, 255, 0,255);nil;true;128;[];[];0.005
764;;351.08791135893745;476.08029243086156;0.0;;MFH;167224003;rgb (0, 255, 0,255);nil;true;36;[building(19),building(138),building(67)];[building(67),building(138),building(19)];0.15500000000000003
764;;89.19025601929752;360.0795322977938;0.0;;SOZ;167224034;rgb (0, 255, 0,255);nil;true;139;[];[];0.005
764;;577.3568360077334;605.9452647238504;0.0;;RH;167224035;rgb (0, 255, 0,255);nil;true;23;[building(154),building(171),building(152),building(150)];[building(154),building(171),building(150),building(152)];0.20500000000000002
764;;536.6667791354703;510.7812438455876;0.0;;MFH;167224049;rgb (0, 255, 0,255);nil;true;54;[building(12)];[building(12)];0.055
764;;526.3708394320914;427.653768854402;0.0;;MFH;167224056;rgb (0, 255, 0,255);nil;true;20;[building(133),building(23)];[building(23),building(133)];0.10500000000000001
764;;448.27353747110465;276.2721233482007;0.0;;MFH;167224082;rgb (0, 255, 0,255);nil;true;5;[building(24)];[building(24)];0.055
764;;414.2042073139164;524.2477387597319;0.0;;MFH;167224094;rgb (0, 255, 0,255);nil;true;4;[];[];0.005
764;;652.711782312952;637.8106344346888;0.0;;RH;167224099;rgb (0, 255, 0,255);nil;true;69;[building(166),building(165),building(164)];[building(165),building(164),building(166)];0.15500000000000003
764;;529.2161656167358;598.8910088891164;0.0;;RH;167224102;rgb (0, 255, 0,255);nil;true;12;[building(170),building(151),building(149),building(153)];[building(153),building(151),building(149),building(170)];0.20500000000000002
764;;399.6046560962277;365.0171915043611;0.0;;DHH;167224110;rgb (0, 255, 0,255);nil;true;86;[building(139),building(141)];[building(141),building(139)];0.10500000000000001
764;;357.61772715640836;370.43053138884716;0.0;;DHH;167224112;rgb (0, 255, 0,255);nil;true;87;[building(148),building(140)];[building(148),building(140)];0.10500000000000001
764;;537.8634636616043;539.9784472258762;0.0;;RH;167224122;rgb (0, 255, 0,255);nil;true;41;[building(167),building(4),building(169),building(162)];[building(169),building(4),building(162),building(167)];0.20500000000000002
764;;354.27257645793725;333.593108010944;0.0;;DHH;167224129;rgb (0, 255, 0,255);nil;true;96;[building(142),building(140)];[building(142),building(140)];0.10500000000000001
764;;634.7169866262702;601.5452727996744;0.0;;RH;167224157;rgb (0, 255, 0,255);nil;true;10;[building(154),building(159),building(156)];[building(156),building(159),building(154)];0.15500000000000003
764;;667.3335974286892;686.937942342367;0.0;;MFH;167224164;rgb (0, 255, 0,255);nil;true;553;[];[];0.005
764;;361.9981491190847;410.60710092121735;0.0;;DHH;167224165;rgb (0, 255, 0,255);nil;true;80;[building(146),building(148)];[building(148),building(146)];0.10500000000000001
764;;580.4376029155392;650.9867538092658;0.0;;RH;167224180;rgb (0, 255, 0,255);nil;true;26;[building(161),building(160),building(163),building(84)];[building(84),building(163),building(161),building(160)];0.20500000000000002
764;;397.5452455166669;407.51513920817524;0.0;;DHH;167224183;rgb (0, 255, 0,255);nil;true;24;[building(139),building(147)];[building(147),building(139)];0.10500000000000001
764;;363.8015248698939;448.72851052181795;0.0;;DHH;167224186;rgb (0, 255, 0,255);nil;true;53;[building(1),building(138),building(146)];[building(1),building(138),building(146)];0.15500000000000003
764;;390.8465951582184;289.28712513879873;0.0;;DHH;167224216;rgb (0, 255, 0,255);nil;true;7;[building(143),building(145)];[building(145),building(143)];0.10500000000000001
764;;354.18630385264987;291.8939259746112;0.0;;DHH;167224222;rgb (0, 255, 0,255);nil;true;130;[building(144),building(142)];[building(142),building(144)];0.10500000000000001
764;;401.15199701828533;446.15981640364043;0.0;;DHH;167224224;rgb (0, 255, 0,255);nil;true;11;[building(147),building(137),building(29)];[building(137),building(147),building(29)];0.15500000000000003
764;;499.948045097338;462.9723779341206;0.0;;MFH;167224250;rgb (0, 255, 0,255);nil;true;6;[building(5)];[building(5)];0.055
764;;480.78996073189194;299.73524627890436;0.0;;MFH;167224262;rgb (0, 255, 0,255);nil;true;6;[building(132),building(6)];[building(6),building(132)];0.10500000000000001
764;;444.1079621256795;363.0516234062612;0.0;;SON;167224270;rgb (0, 255, 0,255);nil;true;31;[];[];0.005
764;;494.1946827482122;352.02134832693264;0.0;;MFH;167224278;rgb (0, 255, 0,255);nil;true;36;[building(132),building(133)];[building(132),building(133)];0.10500000000000001
764;;494.6358789968537;550.2578522881493;0.0;;RH;167224312;rgb (0, 255, 0,255);nil;true;54;[building(168),building(157)];[building(168),building(157)];0.10500000000000001
764;;400.733435732848;327.1275138972327;0.0;;DHH;167224313;rgb (0, 255, 0,255);nil;true;33;[building(143),building(141)];[building(143),building(141)];0.10500000000000001
764;;428.72806127767547;469.8184067506343;0.0;;MFH;167224338;rgb (0, 255, 0,255);nil;true;18;[building(22),building(137),building(136)];[building(137),building(22),building(136)];0.15500000000000003
764;;244.61770962172054;354.5098073885643;0.0;;SON;167224347;rgb (0, 255, 0,255);nil;true;30;[];[];0.005
764;;304.5013229035798;49.74951395061281;0.0;;SON;167228812;rgb (0, 255, 0,255);nil;true;45;[building(47),building(44),building(42),building(37),building(43)];[building(42),building(37),building(47),building(43),building(44)];0.255
764;;79.58338396379258;85.70186725934036;0.0;;MFH;167228814;rgb (0, 255, 0,255);nil;true;44;[building(46),building(50)];[building(50),building(46)];0.10500000000000001
764;;31.931962734949774;126.88933117464185;0.0;;SON;167228816;rgb (0, 255, 0,255);nil;true;8;[building(35),building(50),building(38),building(36)];[building(36),building(38),building(35),building(50)];0.20500000000000002
764;;183.28862158686388;49.324551943922415;0.0;;MFH;167228819;rgb (0, 255, 0,255);nil;true;13;[building(45),building(48)];[building(45),building(48)];0.10500000000000001
764;;28.646367964160163;103.0080318315886;0.0;;SOZ;167228820;rgb (0, 255, 0,255);nil;true;18;[building(33),building(50),building(36),building(38)];[building(36),building(33),building(38),building(50)];0.20500000000000002
764;;14.233276893617585;106.32845290540718;0.0;;M-MG;167228822;rgb (0, 255, 0,255);nil;true;6;[building(50),building(35),building(33),building(38)];[building(33),building(38),building(35),building(50)];0.20500000000000002
764;;335.19798171063303;27.9557130781468;0.0;;M-MG;167228823;rgb (0, 255, 0,255);nil;true;45;[building(47),building(43),building(51),building(31),building(44)];[building(31),building(47),building(43),building(44),building(51)];0.255
764;;51.740152926626614;131.74911576770245;0.0;;SON;167228829;rgb (0, 255, 0,255);nil;true;14;[building(50),building(33),building(36),building(35)];[building(36),building(33),building(35),building(50)];0.20500000000000002
764;;226.88411716884002;37.12738530035131;0.0;;MFH;167228831;rgb (0, 255, 0,255);nil;true;9;[building(41),building(49),building(45)];[building(41),building(45),building(49)];0.15500000000000003
764;;373.491329946043;86.38212971892207;0.0;;SON;167228832;rgb (0, 255, 0,255);nil;true;81;[building(52)];[building(52)];0.055
764;;230.74412051204126;60.88899614289403;0.0;;SON;167228834;rgb (0, 255, 0,255);nil;true;1;[building(45),building(49),building(39)];[building(39),building(45),building(49)];0.15500000000000003
764;;266.0524366017664;33.10668897088617;0.0;;MFH;167228837;rgb (0, 255, 0,255);nil;true;36;[building(31),building(47),building(49)];[building(49),building(31),building(47)];0.15500000000000003
764;;326.9575564047089;15.600575135089457;0.0;;M-MG;167228839;rgb (0, 255, 0,255);nil;true;46;[building(31),building(37),building(47),building(44)];[building(31),building(37),building(47),building(44)];0.20500000000000002
764;;325.1504700041066;37.89168317771206;0.0;;SON;167228840;rgb (0, 255, 0,255);nil;true;49;[building(31),building(37),building(47),building(51),building(43)];[building(31),building(37),building(47),building(43),building(51)];0.255
764;;208.09505691525993;43.149858228117225;0.0;;MFH;167228843;rgb (0, 255, 0,255);nil;true;11;[building(34),building(41),building(39)];[building(41),building(39),building(34)];0.15500000000000003
764;;119.05542007424326;80.04572092679639;0.0;;MFH;167228844;rgb (0, 255, 0,255);nil;true;33;[building(32),building(53)];[building(53),building(32)];0.10500000000000001
764;;298.2148638818908;27.318254267796874;0.0;;SON;167228845;rgb (0, 255, 0,255);nil;true;45;[building(37),building(31),building(42),building(43),building(44)];[building(42),building(31),building(37),building(43),building(44)];0.255
764;;162.449612910316;55.917865864466876;0.0;;M-MG;167228846;rgb (0, 255, 0,255);nil;true;16;[building(34),building(53)];[building(34),building(53)];0.10500000000000001
764;;251.59797178728817;41.20261803564305;0.0;;MFH;167228847;rgb (0, 255, 0,255);nil;true;12;[building(39),building(41),building(42)];[building(41),building(39),building(42)];0.15500000000000003
764;;53.608836112097684;100.41226766553397;0.0;;MFH;167228848;rgb (0, 255, 0,255);nil;true;27;[building(36),building(32),building(33),building(35),building(38)];[building(36),building(33),building(38),building(35),building(32)];0.255
764;;366.69861461779027;47.951340100262314;0.0;;EIK;167228849;rgb (0, 255, 0,255);nil;true;50;[building(44),building(37),building(52)];[building(37),building(44),building(52)];0.15500000000000003
764;expert;396.8612490899007;52.81408895417634;0.0;expert;EIK;167228850;rgb (0, 255, 0,255);nil;true;77;[building(51),building(40)];[building(51),building(40)];0.10500000000000001
764;;149.44749638566282;66.12125910073519;0.0;;MFH;167228856;rgb (0, 255, 0,255);nil;true;17;[building(48),building(46)];[building(48),building(46)];0.10500000000000001
764;;428.7443881363198;1052.093775156442;0.0;;EFH;167317584;rgb (0, 255, 0,255);nil;true;68;[building(93)];[building(93)];0.055
764;;562.3537516360811;932.1703440919518;0.0;;EFH;167317588;rgb (0, 255, 0,255);nil;true;373;[building(64)];[building(64)];0.055
764;;328.46036953033763;620.9670473062433;0.0;;SON;167317590;rgb (0, 255, 0,255);nil;true;73;[building(73),building(104)];[building(73),building(104)];0.10500000000000001
764;;346.3410627389967;585.5055023806635;0.0;;EFH;167317592;rgb (0, 255, 0,255);nil;true;160;[];[];0.005
764;;718.6101378752792;750.8153541486245;0.0;;MFH;167317595;rgb (0, 255, 0,255);nil;true;320;[building(81)];[building(81)];0.055
764;;181.4629819378606;510.0677254528273;0.0;;EFH;167317596;rgb (0, 255, 0,255);nil;true;26;[building(101),building(82),building(106)];[building(82),building(101),building(106)];0.15500000000000003
764;;348.38655838230625;663.5206928013358;0.0;;SON;167317604;rgb (0, 255, 0,255);nil;true;33;[building(73),building(85),building(131),building(121)];[building(131),building(121),building(85),building(73)];0.20500000000000002
764;;443.7317022467032;599.1098186010495;0.0;;EFH;167317608;rgb (0, 255, 0,255);nil;true;258;[];[];0.005
764;;391.4226735229895;986.0142754716799;0.0;;EFH;167317611;rgb (0, 255, 0,255);nil;true;10;[];[];0.005
764;;218.11770726871327;577.7186889473815;0.0;;EFH;167317614;rgb (0, 255, 0,255);nil;true;80;[building(108),building(105)];[building(108),building(105)];0.10500000000000001
764;;571.774163544469;967.2355362698436;0.0;;EFH;167317618;rgb (0, 255, 0,255);nil;true;340;[building(55)];[building(55)];0.055
764;;234.44827656817506;506.01016969187185;0.0;;EFH;167317620;rgb (0, 255, 0,255);nil;true;42;[building(82),building(103)];[building(103),building(82)];0.10500000000000001
764;;685.9712631747243;900.3584751300514;0.0;;MFH;167317623;rgb (0, 255, 0,255);nil;true;73;[building(90),building(120),building(78)];[building(120),building(78),building(90)];0.15500000000000003
764;;311.02495428500697;467.06135068950243;0.0;;MFH;167317625;rgb (0, 255, 0,255);nil;true;33;[building(1),building(86),building(97)];[building(97),building(1),building(86)];0.15500000000000003
764;;376.6561430692673;608.4187714608852;0.0;;EFH;167317627;rgb (0, 255, 0,255);nil;true;70;[building(69)];[building(69)];0.055
764;;393.89674920597463;620.7339712430257;0.0;;EFH;167317631;rgb (0, 255, 0,255);nil;true;31;[building(94),building(68)];[building(94),building(68)];0.10500000000000001
764;;709.8771238226618;931.6138310441747;0.0;;SON;167317633;rgb (0, 255, 0,255);nil;true;103;[building(89),building(90)];[building(90),building(89)];0.10500000000000001
764;;585.2744347903936;821.3039391417988;0.0;;EFH;167317635;rgb (0, 255, 0,255);nil;true;150;[];[];0.005
764;;366.4676266743918;1085.0633055195212;0.0;;MFH;167317639;rgb (0, 255, 0,255);nil;true;8;[building(87)];[building(87)];0.055
764;;346.908792142116;632.9445007995237;0.0;;EFH;167317641;rgb (0, 255, 0,255);nil;true;49;[building(60),building(85),building(56)];[building(60),building(85),building(56)];0.15500000000000003
764;;325.5911096551572;1101.615761732217;0.0;;EFH;167317642;rgb (0, 255, 0,255);nil;true;10;[building(87)];[building(87)];0.055
764;;445.68535931015504;659.420410036575;0.0;;EFH;167317645;rgb (0, 255, 0,255);nil;true;12;[building(112),building(107)];[building(107),building(112)];0.10500000000000001
764;Raiffeisen Technik Westküste;535.2474556279194;1052.8573036456946;0.0;Raiffeisen Technik Westküste;SON;167317647;rgb (0, 255, 0,255);nil;true;42;[];[];0.005
764;;153.9197569282842;547.52745873807;0.0;;EFH;167317648;rgb (0, 255, 0,255);nil;true;95;[building(88)];[building(88)];0.055
764;;665.9254058701626;872.8131612234283;0.0;;EFH;167317649;rgb (0, 255, 0,255);nil;true;77;[building(66)];[building(66)];0.055
764;;751.7527332717436;839.7405627595726;0.0;;M-MG;167317655;rgb (0, 255, 0,255);nil;true;36;[building(91)];[building(91)];0.055
764;;528.0283866499667;718.37488585338;0.0;;EFH;167317657;rgb (0, 255, 0,255);nil;true;36;[building(119)];[building(119)];0.055
764;;699.3101211590401;727.6694272954483;0.0;;MFH;167317658;rgb (0, 255, 0,255);nil;true;331;[building(58)];[building(58)];0.055
764;;215.9247133001336;509.82037185830995;0.0;;EFH;167317659;rgb (0, 255, 0,255);nil;true;24;[building(103),building(65),building(101),building(59)];[building(103),building(101),building(59),building(65)];0.20500000000000002
764;;633.556480934727;798.4626504459884;0.0;;EFH;167317660;rgb (0, 255, 0,255);nil;true;55;[building(92)];[building(92)];0.055
764;;553.6290865451447;640.5267254814971;0.0;;RH;167317663;rgb (0, 255, 0,255);nil;true;20;[building(155),building(153),building(17),building(158)];[building(153),building(158),building(155),building(17)];0.20500000000000002
764;;361.7059354557714;646.6391094494611;0.0;;EFH;167317664;rgb (0, 255, 0,255);nil;true;40;[building(121),building(60),building(73),building(131)];[building(131),building(121),building(60),building(73)];0.20500000000000002
764;;287.9150279960886;437.5118725942448;0.0;;EFH;167317665;rgb (0, 255, 0,255);nil;true;41;[building(67)];[building(67)];0.055
764;;347.98024224094115;1104.417321995832;0.0;;EFH;167317666;rgb (0, 255, 0,255);nil;true;1;[building(72),building(74)];[building(72),building(74)];0.10500000000000001
764;;183.7160884313984;549.7897826083005;0.0;;MFH;167317667;rgb (0, 255, 0,255);nil;true;79;[building(108),building(77)];[building(108),building(77)];0.10500000000000001
764;;725.3268776510668;958.906835344038;0.0;;SON;167317668;rgb (0, 255, 0,255);nil;true;97;[building(70),building(90)];[building(90),building(70)];0.10500000000000001
764;;721.122062185104;922.6058721072972;0.0;;EFH;167317669;rgb (0, 255, 0,255);nil;true;86;[building(66),building(70),building(89)];[building(66),building(89),building(70)];0.15500000000000003
764;;711.8580541611882;831.4355308834463;0.0;;EFH;167317671;rgb (0, 255, 0,255);nil;true;32;[building(79),building(113)];[building(79),building(113)];0.10500000000000001
764;;619.3181614648086;783.5420435050503;0.0;;EFH;167317672;rgb (0, 255, 0,255);nil;true;53;[building(83),building(115)];[building(115),building(83)];0.10500000000000001
764;;410.0108020956395;1085.860512751527;0.0;;EFH;167317673;rgb (0, 255, 0,255);nil;true;73;[building(54)];[building(54)];0.055
764;;415.1181403333321;633.6875024108216;0.0;;EFH;167317674;rgb (0, 255, 0,255);nil;true;22;[building(112),building(69)];[building(112),building(69)];0.10500000000000001
764;;287.131895378395;544.557324929908;0.0;;EFH;167317675;rgb (0, 255, 0,255);nil;true;163;[building(111)];[building(111)];0.055
764;;208.54478765800596;707.0853794269264;0.0;;MFH;167317676;rgb (0, 255, 0,255);nil;true;115;[];[];0.005
764;;289.6054144638125;490.10148791950195;0.0;;MFH;167317677;rgb (0, 255, 0,255);nil;true;6;[building(110),building(67)];[building(110),building(67)];0.10500000000000001
764;;560.2520396499197;741.9498949080705;0.0;;EFH;167317678;rgb (0, 255, 0,255);nil;true;45;[building(114)];[building(114)];0.055
764;;587.4985982164974;1035.5751109307632;0.0;;EFH;167317680;rgb (0, 255, 0,255);nil;true;763;[];[];0.005
764;;320.267255007918;565.4681107506156;0.0;;EFH;167317682;rgb (0, 255, 0,255);nil;true;154;[building(111)];[building(111)];0.055
764;;201.0552123174537;508.05940183773635;0.0;;EFH;167317683;rgb (0, 255, 0,255);nil;true;25;[building(82),building(59)];[building(82),building(59)];0.10500000000000001
764;;481.7339500137605;684.8583174500615;0.0;;EFH;167317684;rgb (0, 255, 0,255);nil;true;9;[building(116),building(107),building(119)];[building(116),building(107),building(119)];0.15500000000000003
764;;250.57457460195292;505.9778260985389;0.0;;EFH;167317685;rgb (0, 255, 0,255);nil;true;23;[building(65),building(110),building(82)];[building(82),building(110),building(65)];0.15500000000000003
764;;310.5156676144938;607.6950650558408;0.0;;EFH;167317688;rgb (0, 255, 0,255);nil;true;75;[building(109),building(56)];[building(56),building(109)];0.10500000000000001
764;;169.50912395150712;614.3218781626783;0.0;;SON;167317689;rgb (0, 255, 0,255);nil;true;132;[building(63)];[building(63)];0.055
764;;163.26224519312382;493.38558535945293;0.0;;EFH;167317690;rgb (0, 255, 0,255);nil;true;28;[building(59)];[building(59)];0.055
764;;464.5243278022196;668.8402809789404;0.0;;EFH;167317698;rgb (0, 255, 0,255);nil;true;10;[building(102),building(75),building(116)];[building(116),building(102),building(75)];0.15500000000000003
764;;206.65458270428158;555.9850099729374;0.0;;MFH;167317699;rgb (0, 255, 0,255);nil;true;69;[building(63),building(88)];[building(88),building(63)];0.10500000000000001
764;;294.9995859227104;593.4302576232391;0.0;;EFH;167317700;rgb (0, 255, 0,255);nil;true;93;[building(104),building(118)];[building(104),building(118)];0.10500000000000001
764;;269.80056385682354;496.03989890714485;0.0;;EFH;167317701;rgb (0, 255, 0,255);nil;true;24;[building(97),building(103)];[building(97),building(103)];0.10500000000000001
764;;300.19635081793723;554.5104108445036;0.0;;EFH;167317704;rgb (0, 255, 0,255);nil;true;153;[building(100),building(95)];[building(100),building(95)];0.10500000000000001
764;;429.0709253093034;639.7894311964823;0.0;;EFH;167317706;rgb (0, 255, 0,255);nil;true;17;[building(75),building(94)];[building(75),building(94)];0.10500000000000001
764;;677.2039256123632;822.0205948191384;0.0;;E-MG;167317709;rgb (0, 255, 0,255);nil;true;59;[building(91)];[building(91)];0.055
764;;583.036913025484;757.3842983927267;0.0;;EFH;167317710;rgb (0, 255, 0,255);nil;true;22;[building(98),building(115)];[building(98),building(115)];0.10500000000000001
764;;594.0972995750074;766.0278130014028;0.0;;EFH;167317711;rgb (0, 255, 0,255);nil;true;48;[building(92),building(114)];[building(114),building(92)];0.10500000000000001
764;;489.35361013072543;673.076921221401;0.0;;SON;167317713;rgb (0, 255, 0,255);nil;true;7;[building(102),building(119),building(107)];[building(102),building(107),building(119)];0.15500000000000003
764;;124.95561813273733;423.1556912562145;0.0;;M-MG;167317715;rgb (0, 255, 0,255);nil;true;454;[];[];0.005
764;;276.1736047047598;583.8097198747564;0.0;;MFH;167317722;rgb (0, 255, 0,255);nil;true;98;[building(109)];[building(109)];0.055
764;;510.1435189604672;698.339736525435;0.0;;EFH;167317723;rgb (0, 255, 0,255);nil;true;12;[building(116),building(102),building(80)];[building(116),building(102),building(80)];0.15500000000000003
764;TC-Hydraulik;636.0647476040425;975.8162244443914;0.0;TC-Hydraulik;SON;167317724;rgb (0, 255, 0,255);nil;true;65;[building(66),building(134)];[building(134),building(66)];0.10500000000000001
764;;367.03925225967544;676.6977191507816;0.0;;EFH;167319767;rgb (0, 255, 0,255);nil;true;32;[building(85),building(131),building(60),building(130)];[building(130),building(131),building(60),building(85)];0.20500000000000002
764;;438.70006126281805;700.1948445043527;0.0;;EFH;167319773;rgb (0, 255, 0,255);nil;true;28;[building(129)];[building(129)];0.055
764;;540.6547998931783;792.9354472917039;0.0;;EFH;167319776;rgb (0, 255, 0,255);nil;true;94;[building(124)];[building(124)];0.055
764;;532.2974891218822;770.5849527100102;0.0;;EFH;167319781;rgb (0, 255, 0,255);nil;true;82;[building(127),building(123)];[building(127),building(123)];0.10500000000000001
764;;482.1347001805669;735.1840127564967;0.0;;MFH;167319783;rgb (0, 255, 0,255);nil;true;15;[building(128),building(127)];[building(128),building(127)];0.10500000000000001
764;;433.66285430449835;765.6196463657543;0.0;;SON;167319784;rgb (0, 255, 0,255);nil;true;130;[];[];0.005
764;;503.78856752975844;755.6750729121268;0.0;;EFH;167319785;rgb (0, 255, 0,255);nil;true;44;[building(124),building(125)];[building(125),building(124)];0.10500000000000001
764;;466.9492373764903;722.9333678314773;0.0;;EFH;167319787;rgb (0, 255, 0,255);nil;true;5;[building(125)];[building(125)];0.055
764;;421.17837341201295;694.9359847352441;0.0;;EFH;167319789;rgb (0, 255, 0,255);nil;true;14;[building(122),building(130)];[building(130),building(122)];0.10500000000000001
764;;403.64078277680426;678.2793944674943;0.0;;EFH;167319790;rgb (0, 255, 0,255);nil;true;3;[building(131),building(129),building(121)];[building(129),building(131),building(121)];0.15500000000000003
764;;386.156148413592;666.661073671002;0.0;;EFH;167319793;rgb (0, 255, 0,255);nil;true;31;[building(60),building(85),building(130),building(121)];[building(130),building(121),building(60),building(85)];0.20500000000000002
764;;484.9904161844752;330.20300821044174;0.0;;MFH;331831162;rgb (0, 255, 0,255);nil;true;17;[building(26),building(24)];[building(24),building(26)];0.10500000000000001
764;;516.5146117172437;398.2753902858123;0.0;;MFH;331831170;rgb (0, 255, 0,255);nil;true;31;[building(5),building(26)];[building(5),building(26)];0.10500000000000001
764;;675.7799637925636;1012.8790345243178;0.0;;EFH;331831198;rgb (0, 255, 0,255);nil;true;64;[building(120)];[building(120)];0.055
764;;148.5812283482466;340.7146249792793;0.0;;SON;398472696;rgb (0, 255, 0,255);nil;true;57;[];[];0.005
764;;451.61534858474045;467.6074331276119;0.0;;MFH;398498093;rgb (0, 255, 0,255);nil;true;40;[building(29)];[building(29)];0.055
764;;408.4656875634799;471.77060864325614;0.0;;MFH;398498125;rgb (0, 255, 0,255);nil;true;10;[building(29),building(22)];[building(22),building(29)];0.10500000000000001
764;;361.6256263944919;463.67312839307954;0.0;;DHH;398519144;rgb (0, 255, 0,255);nil;true;41;[building(146),building(19),building(1)];[building(1),building(146),building(19)];0.15500000000000003
764;;396.89959247005754;394.6382948223036;0.0;;DHH;398519145;rgb (0, 255, 0,255);nil;true;75;[building(10),building(18)];[building(18),building(10)];0.10500000000000001
764;;356.97485709699686;357.54886938328855;0.0;;DHH;398519147;rgb (0, 255, 0,255);nil;true;98;[building(11),building(13)];[building(11),building(13)];0.10500000000000001
764;;398.95900304967654;352.1402775354218;0.0;;DHH;398519150;rgb (0, 255, 0,255);nil;true;47;[building(10),building(28)];[building(28),building(10)];0.10500000000000001
764;;353.62970639861305;320.7161425887607;0.0;;DHH;398519153;rgb (0, 255, 0,255);nil;true;82;[building(13),building(21)];[building(13),building(21)];0.10500000000000001
764;;395.9505938109651;315.6975925755687;0.0;;DHH;398519154;rgb (0, 255, 0,255);nil;true;29;[building(28),building(20)];[building(20),building(28)];0.10500000000000001
764;;353.5406508060405;279.01213532988913;0.0;;DHH;398519158;rgb (0, 255, 0,255);nil;true;133;[building(21)];[building(21)];0.055
764;;390.2037250988651;276.4100871726405;0.0;;DHH;398519160;rgb (0, 255, 0,255);nil;true;15;[building(20)];[building(20)];0.055
764;;363.1586548105988;435.85173361422494;0.0;;DHH;398519167;rgb (0, 255, 0,255);nil;true;52;[building(138),building(19),building(16)];[building(138),building(19),building(16)];0.15500000000000003
764;;400.50634397173417;433.2782784383744;0.0;;DHH;398519168;rgb (0, 255, 0,255);nil;true;12;[building(18),building(22)];[building(22),building(18)];0.10500000000000001
764;;361.3552790597023;397.7302615980152;0.0;;DHH;398519172;rgb (0, 255, 0,255);nil;true;40;[building(11),building(16)];[building(16),building(11)];0.10500000000000001
764;;518.8918394432112;582.7656117426232;0.0;;RH;398521169;rgb (0, 255, 0,255);nil;true;23;[building(9),building(170),building(151)];[building(9),building(151),building(170)];0.15500000000000003
764;;572.6651170404263;588.2195740684068;0.0;;RH;398521170;rgb (0, 255, 0,255);nil;true;25;[building(3),building(171),building(152)];[building(3),building(171),building(152)];0.15500000000000003
764;;523.6173518273863;590.5619360553101;0.0;;RH;398521171;rgb (0, 255, 0,255);nil;true;16;[building(9),building(149),building(170)];[building(9),building(149),building(170)];0.15500000000000003
764;;572.8901414396823;598.3059283967596;0.0;;RH;398521172;rgb (0, 255, 0,255);nil;true;30;[building(171),building(3),building(150)];[building(3),building(171),building(150)];0.15500000000000003
764;;538.099089917106;615.8218472399749;0.0;;RH;398521173;rgb (0, 255, 0,255);nil;true;0;[building(9),building(84),building(155),building(158)];[building(9),building(84),building(158),building(155)];0.20500000000000002
764;;607.6719163380039;606.5969372871332;0.0;;RH;398521174;rgb (0, 255, 0,255);nil;true;22;[building(159),building(156),building(3),building(14)];[building(14),building(156),building(159),building(3)];0.20500000000000002
764;;544.1669298277993;624.5631429336499;0.0;;RH;398521175;rgb (0, 255, 0,255);nil;true;23;[building(158),building(84),building(153)];[building(153),building(84),building(158)];0.15500000000000003
764;;616.6860121049976;604.9130494869314;0.0;;RH;398521176;rgb (0, 255, 0,255);nil;true;20;[building(159),building(14),building(154)];[building(14),building(159),building(154)];0.15500000000000003
764;;490.7252252852486;542.0428907112218;0.0;;RH;398521177;rgb (0, 255, 0,255);nil;true;68;[building(27),building(168)];[building(168),building(27)];0.10500000000000001
764;;548.8590463646688;632.5687218902167;0.0;;RH;398521178;rgb (0, 255, 0,255);nil;true;21;[building(84),building(155),building(153)];[building(153),building(84),building(155)];0.15500000000000003
764;;625.7001078719913;603.2291613225825;0.0;;RH;398521179;rgb (0, 255, 0,255);nil;true;21;[building(14),building(154),building(156)];[building(14),building(156),building(154)];0.15500000000000003
764;;589.4990094660898;649.3028755108826;0.0;;RH;398521180;rgb (0, 255, 0,255);nil;true;44;[building(163),building(17),building(161)];[building(17),building(163),building(161)];0.15500000000000003
764;;598.5604160165822;647.6189968504477;0.0;;RH;398521181;rgb (0, 255, 0,255);nil;true;38;[building(164),building(163),building(17),building(160)];[building(17),building(163),building(160),building(164)];0.20500000000000002
764;;542.5110524022311;547.8081114205997;0.0;;RH;398521182;rgb (0, 255, 0,255);nil;true;55;[building(12),building(169),building(167)];[building(169),building(12),building(167)];0.15500000000000003
764;;607.6218225671328;645.9351178328507;0.0;;RH;398521183;rgb (0, 255, 0,255);nil;true;34;[building(165),building(17),building(160),building(164),building(161)];[building(17),building(161),building(160),building(165),building(164)];0.255
764;;625.6722779992269;642.5863857071381;0.0;;RH;398521184;rgb (0, 255, 0,255);nil;true;55;[building(161),building(165),building(166),building(8),building(163)];[building(163),building(161),building(165),building(166),building(8)];0.255
764;;634.6835907789646;640.9881266399752;0.0;;RH;398521185;rgb (0, 255, 0,255);nil;true;44;[building(166),building(163),building(8),building(164)];[building(163),building(164),building(166),building(8)];0.20500000000000002
764;;643.6949035587022;639.3993806978688;0.0;;RH;398521186;rgb (0, 255, 0,255);nil;true;68;[building(165),building(8),building(164)];[building(165),building(164),building(8)];0.15500000000000003
764;;547.1586411428289;555.6377678201534;0.0;;RH;398521187;rgb (0, 255, 0,255);nil;true;63;[building(12),building(169),building(162)];[building(169),building(12),building(162)];0.15500000000000003
764;;501.8694195085438;556.3465271197259;0.0;;RH;398521188;rgb (0, 255, 0,255);nil;true;31;[building(170),building(157),building(27)];[building(170),building(27),building(157)];0.15500000000000003
764;;551.8006639088853;563.4721731941681;0.0;;RH;398521189;rgb (0, 255, 0,255);nil;true;40;[building(162),building(12),building(171),building(167)];[building(171),building(12),building(162),building(167)];0.20500000000000002
764;;512.2469935052213;575.7953712145487;0.0;;RH;398521190;rgb (0, 255, 0,255);nil;true;25;[building(168),building(149),building(151),building(9)];[building(9),building(151),building(149),building(168)];0.20500000000000002
764;;563.2398547827964;582.4288334688172;0.0;;RH;398521191;rgb (0, 255, 0,255);nil;true;23;[building(150),building(3),building(152),building(169)];[building(3),building(150),building(152),building(169)];0.20500000000000002
764;;148.1072097164346;671.0638792928308;0.0;;SON;437558654;rgb (0, 255, 0,255);nil;true;27;[];[];0.005
