,id,osm_id,lons,lats,Straße
0,0,167223973,1013715.9147776888 1013729.0282137041 1013731.2212076726 1013750.1566530566 1013752.1604038911 1013771.4743355436 1013767.6449450603 1013764.361020082 1013760.1754072281 1013719.198702667 1013715.9147776888 ,7206837.049806371 7206839.428210805 7206829.229617655 7206816.462367636 7206819.012010544 7206806.092559841 7206799.356948899 7206802.6296179015 7206796.255525458 7206823.217020426 7206837.049806371 ,Hans-Böckler-Straße
1,1,167224003,1013465.601770691 1013463.5534920604 1013487.4871825809 1013493.1756085604 1013493.4761711855 1013495.2238871909 1013465.601770691 ,7206849.55070813 7206866.389853784 7206869.301031773 7206869.9860149855 7206867.512464777 7206853.165888902 7206849.55070813 ,Stettiner Straße
2,2,167224034,1013203.3887101273 1013233.778931114 1013238.9886832831 1013208.5984622965 1013203.3887101273 ,7206985.045014091 7206992.770219694 7206972.258483555 7206964.5332980985 7206985.045014091 ,Rüsdorfer Straße
3,3,167224035,1013705.2058426745 1013700.7307991445 1013713.5102766877 1013717.9741882683 1013705.2058426745 ,7206725.20852833 7206732.857370786 7206740.354004691 7206732.724181925 7206725.20852833 ,Neue Heimat
4,4,167224049,1013650.1694864262 1013685.8696471236 1013687.1609532168 1013651.4607925194 1013650.1694864262 ,7206835.051947202 7206837.772841243 7206820.8576480895 7206818.117732707 7206835.051947202 ,Stettiner Straße
5,5,167224056,1013653.9988769095 1013644.1582339233 1013659.6316431436 1013664.5964924331 1013669.4611541806 1013653.9988769095 ,7206893.332561822 7206922.653791772 7206927.84828453 7206913.025913167 7206898.527035217 7206893.332561822 ,Hans-Böckler-Straße
6,6,167224082,1013574.4054409923 1013568.3941884894 1013586.1385153219 1013592.1497678247 1013574.4054409923 ,7207045.419791025 7207076.016451224 7207079.4985413635 7207048.901867619 7207045.419791025 ,Hans-Böckler-Straße
7,7,167224094,1013529.9555683186 1013559.6444765131 1013562.449727681 1013532.7608194866 1013529.9555683186 ,7206822.30371492 7206826.489699363 7206806.663374596 7206802.477400712 7206822.30371492 ,Stettiner Straße
8,8,167224099,1013790.4097809275 1013781.3929021732 1013779.0106650704 1013788.0275438245 1013790.4097809275 ,7206694.993770668 7206693.395512161 7206706.847531408 7206708.445792648 7206694.993770668 ,Neue Heimat
9,9,167224102,1013668.7264455414 1013664.7857355672 1013656.6260168921 1013651.9172024316 1013664.0176310808 1013668.7264455414 ,7206740.125680707 7206737.747306303 7206732.800289844 7206740.601355674 7206747.926753806 7206740.125680707 ,Neue Heimat
10,10,167224110,1013537.5475575908 1013526.3042890204 1013525.6586359738 1013536.901904544 1013537.5475575908 ,7206967.558677704 7206966.987851277 7206979.869511131 7206980.440338494 7206967.558677704 ,Im Redder
11,11,167224112,1013495.5578456634 1013484.3145770932 1013483.6800559957 1013494.9121926168 1013495.5578456634 ,7206962.135828291 7206961.58402979 7206974.465680794 7206975.017480198 7206962.135828291 ,Im Redder
12,12,167224122,1013661.6465259269 1013673.4352600019 1013678.0772827681 1013666.2885486931 1013661.6465259269 ,7206799.1666774815 7206806.168668476 7206798.329483327 7206791.34652644 7206799.1666774815 ,Neue Heimat
13,13,167224129,1013492.2071289904 1013480.9749923695 1013480.3293393228 1013491.5726078929 1013492.2071289904 ,7206998.973222794 7206998.421421704 7207011.303133044 7207011.854935038 7206998.973222794 ,Im Redder
14,14,167224157,1013772.5652665533 1013763.5483877992 1013760.8655880709 1013769.8824668253 1013772.5652665533 ,7206730.859538087 7206729.185164401 7206743.512487105 7206745.186863837 7206730.859538087 ,Neue Heimat
15,15,167224164,1013785.856813754 1013805.916585995 1013812.8851861187 1013792.6695665907 1013785.856813754 ,7206656.0458254665 7206664.741075455 7206647.198370907 7206639.188103425 7206656.0458254665 ,Hans-Böckler-Straße
16,16,167224165,1013499.9327016516 1013488.7005650306 1013488.054911984 1013499.2981805541 1013499.9327016516 ,7206921.968803972 7206921.397980849 7206934.279566029 7206934.850390089 7206921.968803972 ,Im Redder
17,17,167224180,1013709.1799484957 1013706.6307321567 1013715.692138707 1013718.2413550462 1013709.1799484957 ,7206680.057677044 7206693.737996097 7206695.431389127 7206681.75106712 7206680.057677044 ,Neue Heimat
18,18,167224183,1013535.488147011 1013524.2448784409 1013523.5992253942 1013534.8424939644 1013535.488147011 ,7206925.051249539 7206924.499453641 7206937.381043903 7206937.93284071 7206925.051249539 ,Im Redder
19,19,167224186,1013501.7360774024 1013490.5039407815 1013489.8582877348 1013501.1015563048 1013501.7360774024 ,7206883.837910532 7206883.286117526 7206896.167640282 7206896.719434197 7206883.837910532 ,Im Redder
20,20,167224216,1013528.7867136652 1013517.5434450951 1013516.9089239975 1013528.1410606187 1013528.7867136652 ,7207043.288684797 7207042.717852871 7207055.599636769 7207056.170469632 7207043.288684797 ,Im Redder
21,21,167224222,1013492.129205347 1013480.8859367769 1013480.2402837303 1013491.4835523003 1013492.129205347 ,7207040.681886003 7207040.111054264 7207052.992833891 7207053.563666567 7207040.681886003 ,Im Redder
22,22,167224224,1013539.0948985126 1013527.8516299427 1013527.2059768959 1013538.449245466 1013539.0948985126 ,7206886.40660264 7206885.854809451 7206898.736336412 7206899.288130507 7206886.40660264 ,Im Redder
23,23,167224250,1013617.5640075728 1013616.1279861416 1013646.362359841 1013647.7983812722 1013631.8796940888 1013617.5640075728 ,7206867.645655919 7206884.770250531 7206887.319915589 7206870.195315424 7206868.863403641 7206867.645655919 ,Stettiner Straße
24,24,167224262,1013604.0052935942 1013598.8066733741 1013617.7755146053 1013620.3692587407 1013622.9852667744 1013604.0052935942 ,7207022.929038356 7207050.880753364 7207054.400887895 7207040.415497855 7207026.354021919 7207022.929038356 ,Hans-Böckler-Straße
25,25,167224270,1013568.3719245913 1013580.2051864626 1013580.2942420553 1013581.7413954355 1013569.9192655133 1013568.3719245913 ,7206991.742728859 7206992.199391438 7206989.858996002 7206952.526928868 7206952.070268587 7206991.742728859 ,Hans-Böckler-Straße
26,26,167224278,1013612.120484473 1013628.1950189436 1013631.2563049403 1013633.304583571 1013635.7202165212 1013616.5621321556 1013612.120484473 ,7206995.510195919 7206998.288228342 7206998.8019741755 7206986.567221487 7206972.144318194 7206968.947688856 7206995.510195919 ,Hans-Böckler-Straße
27,27,167224312,1013625.556747012 1013619.8683210323 1013615.8608193639 1013633.9391046683 1013637.9466063372 1013625.556747012 ,7206784.154277598 7206780.805507894 7206787.655265632 7206798.291429051 7206791.46068917 7206784.154277598 ,Neue Heimat
28,28,167224313,1013522.8088570095 1013533.9185421908 1013541.3324202776 1013542.0559969676 1013523.5435656487 1013522.8088570095 ,7207015.869771378 7207016.535739696 7207016.992403712 7207004.871788559 7207003.74915796 7207015.869771378 ,Im Redder
29,29,167224338,1013573.6707323531 1013556.3494195857 1013551.640605125 1013549.9708127632 1013572.0009399912 1013573.6707323531 ,7206863.155212835 7206861.480810988 7206861.043183291 7206878.377064183 7206880.508125725 7206863.155212835 ,Stettiner Straße
30,30,167224347,1013404.5318980417 1013414.3168812824 1013357.4660173343 1013356.5086697135 1013355.440002602 1013377.9042758439 1013370.1453073358 1013404.5318980417 ,7207043.8975722315 7206956.827147747 7206950.433902823 7206958.901147968 7206968.472000078 7206970.983637154 7207040.034943369 7207043.8975722315 ,Rüsdorfer Straße
31,31,167228812,1013433.4193059027 1013436.424932154 1013437.2598283349 1013445.7312415843 1013449.7610071511 1013451.842681629 1013447.4010339462 1013446.6997211543 1013446.1431237004 1013440.4546977207 1013438.6401900209 1013436.424932154 1013432.1168678603 1013426.8403239967 1013422.9441418191 1013415.8642222045 1013414.0274506065 1013435.0000426717 1013433.4193059027 ,7207303.173736774 7207303.744587603 7207306.104104819 7207307.4931757655 7207303.478190544 7207282.48993624 7207280.682246965 7207279.159982633 7207276.096426568 7207273.051899975 7207274.155540729 7207283.041757256 7207282.356738071 7207285.420296577 7207284.583050653 7207288.598026228 7207291.528388842 7207296.513813459 7207303.173736774 ,Hamburger Straße
32,32,167228814,1013201.518542682 1013194.4274911184 1013221.6451066176 1013228.736158181 1013201.518542682 ,7207237.6213084655 7207259.694053497 7207268.428027474 7207246.374286153 7207237.6213084655 ,Hamburger Straße
33,33,167228816,1013157.5807396659 1013170.8834188157 1013179.5440751995 1013160.1522199033 1013151.4915635195 1013157.5807396659 ,7207222.1133393105 7207226.223423861 7207198.34719807 7207192.315290548 7207220.210523117 7207222.1133393105 ,Hamburger Straße
34,34,167228819,1013309.4539209552 1013305.1458566615 1013321.1202035903 1013325.4282678842 1013309.4539209552 ,7207279.445407173 7207294.934461042 7207299.368065618 7207283.879003015 7207279.445407173 ,Hamburger Straße
35,35,167228820,1013170.8834188157 1013157.5807396659 1013150.411764459 1013163.7033116595 1013170.8834188157 ,7207226.223423861 7207222.1133393105 7207245.213564634 7207249.342689492 7207226.223423861 ,Hamburger Straße
36,36,167228822,1013143.3541087427 1013137.0311616653 1013149.1093264166 1013155.4322734937 1013143.3541087427 ,7207219.982185201 7207241.236667633 7207244.833000245 7207223.559479924 7207219.982185201 ,Hamburger Straße
37,37,167228823,1013470.0545503228 1013472.1250928513 1013463.965374176 1013462.6406722357 1013470.0545503228 ,7207317.78753112 7207304.715034111 7207303.934871224 7207316.664855856 7207317.78753112 ,Hamburger Straße
38,38,167228829,1013193.1807128217 1013183.7853477986 1013182.8168682288 1013174.7573370954 1013184.1527021185 1013193.1807128217 ,7207196.36827522 7207193.476004253 7207196.615640549 7207222.7793250885 7207225.671606831 7207196.36827522 ,Hamburger Straße
39,39,167228831,1013348.3823468856 1013365.1581941483 1013369.8781405579 1013352.1115498273 1013348.3823468856 ,7207306.674955862 7207311.241765714 7207295.543367962 7207292.955513884 7207306.674955862 ,Hamburger Straße
40,40,167228832,1013516.1630834093 1013500.1776045313 1013495.1793593947 1013504.8307592464 1013511.0980465782 1013516.1630834093 ,7207242.758924624 7207238.591746814 7207257.772199958 7207260.474211996 7207262.148698798 7207242.758924624 ,Hamburger Straße
41,41,167228834,1013369.8781405579 1013373.3401767213 1013355.6403776853 1013352.1115498273 1013369.8781405579 ,7207295.543367962 7207262.45315098 7207260.417127226 7207292.955513884 7207295.543367962 ,Hamburger Straße
42,42,167228837,1013406.6914961631 1013398.6208330805 1013393.1550460827 1013389.1252805159 1013402.6617305964 1013406.6914961631 ,7207298.321506371 7207296.818266976 7207295.790736411 7207317.330849635 7207319.861626533 7207298.321506371 ,Hamburger Straße
43,43,167228839,1013448.6589441922 1013446.0206722604 1013467.4051464417 1013470.0545503228 1013462.6406722357 1013448.6589441922 ,7207314.514647736 7207331.697300709 7207334.989219683 7207317.78753112 7207316.664855856 7207314.514647736 ,Hamburger Straße
44,44,167228840,1013451.842681629 1013449.7610071511 1013448.6589441922 1013462.6406722357 1013463.965374176 1013466.024784756 1013451.842681629 ,7207282.48993624 7207303.478190544 7207314.514647736 7207316.664855856 7207303.934871224 7207283.955116269 7207282.48993624 ,Hamburger Straße
45,45,167228843,1013327.2984353293 1013348.3823468856 1013352.1115498273 1013341.6475176926 1013331.027638271 1013327.2984353293 ,7207300.928390568 7207306.674955862 7207292.955513884 7207290.120292385 7207287.22798694 7207300.928390568 ,Hamburger Straße
46,46,167228844,1013240.5471561542 1013232.944034933 1013257.1114963843 1013265.939132004 1013255.4973637677 1013254.2839813181 1013240.5471561542 ,7207248.048769948 7207271.263241153 7207279.179010936 7207252.254009242 7207248.828927292 7207252.539432804 7207248.048769948 ,Hamburger Straße
47,47,167228845,1013431.9053608278 1013433.4193059027 1013435.0000426717 1013414.0274506065 1013406.9697948901 1013427.9535189047 1013444.6180466765 1013447.8129160622 1013431.9053608278 ,7207309.510183333 7207303.173736774 7207296.513813459 7207291.528388842 7207321.117501086 7207326.121972874 7207330.136969656 7207313.201689085 7207309.510183333 ,Hamburger Straße
48,48,167228846,1013288.4701969407 1013287.0230435603 1013284.9970288279 1013301.2608064329 1013304.5892592075 1013300.3479866084 1013288.4701969407 ,7207275.297238221 7207280.320709159 7207289.7206974905 7207293.754704024 7207279.445407173 7207278.341765682 7207275.297238221 ,Hamburger Straße
49,49,167228847,1013386.1530501118 1013385.3515497779 1013378.3495538072 1013374.8763856944 1013385.2958900327 1013391.5520454152 1013386.1530501118 ,7207286.029202758 7207291.661587165 7207290.691142268 7207313.468086478 7207315.827606605 7207287.494383448 7207286.029202758 ,Hamburger Straße
50,50,167228848,1013191.3884690198 1013188.3271830231 1013172.6867945666 1013166.2302641007 1013192.7465668076 1013202.2643832702 1013191.3884690198 ,7207225.842860385 7207235.318896384 7207230.27642601 7207250.294101055 7207258.837782061 7207229.344045049 7207225.842860385 ,Hamburger Straße
51,51,167228849,1013486.5743627563 1013481.5649856706 1013505.6322595802 1013509.3503305726 1013510.3299420916 1013498.7304511509 1013486.5743627563 ,7207279.997227981 7207298.740130053 7207305.171714862 7207291.204907197 7207286.333655867 7207283.2320403755 7207279.997227981 ,Hamburger Straße
52,52,167228850,1013544.5050257652 1013561.035970148 1013529.7663251841 1013513.2353808014 1013509.3503305726 1013505.6322595802 1013517.5545770441 1013538.3824537717 1013540.2748851151 1013544.5050257652 ,7207300.700050313 7207238.7439724505 7207230.390595118 7207292.346607171 7207291.204907197 7207305.171714862 7207308.330424123 7207306.808154445 7207299.558349133 7207300.700050313 ,Hamburger Straße
53,53,167228856,1013271.6609538308 1013264.0244367624 1013279.5869015754 1013281.4125412244 1013287.0230435603 1013288.4701969407 1013289.6056557469 1013283.9951534107 1013287.234550593 1013271.6609538308 ,7207254.023635498 7207280.549048822 7207285.039730236 7207278.703303392 7207280.320709159 7207275.297238221 7207271.339354286 7207269.721950368 7207258.495273515 7207254.023635498 ,Hamburger Straße
54,54,167317584,1013581.2181938288 1013573.0028154084 1013572.0232038891 1013558.6092052486 1013558.3531704198 1013553.0209668108 1013546.4197210069 1013542.9020250977 1013541.6775106991 1013540.3305448605 1013549.4476111564 1013547.4438603221 1013554.8020786636 1013554.4792521403 1013558.6537330451 1013562.3829359865 1013572.7913083758 1013574.3609131959 1013575.919386067 1013577.8006854615 1013579.9602835828 1013581.2181938288 ,7206275.78549944 7206273.730705232 7206277.650035394 7206274.301481345 7206275.3288784595 7206273.997067418 7206272.360842726 7206286.47804834 7206286.173633938 7206291.596017282 7206293.860101259 7206301.908068903 7206303.753585106 7206305.0283233505 7206306.074750426 7206291.158421295 7206293.745945746 7206287.448369333 7206287.847913306 7206280.3136589425 7206280.8463837635 7206275.78549944 ,Berliner Straße
55,55,167317588,1013683.2870349371 1013701.1315493113 1013705.4173497069 1013687.5728353327 1013683.2870349371 ,7206412.963252955 7206417.396360353 7206400.158626311 7206395.725528637 7206412.963252955 ,Berliner Straße
56,56,167317590,1013447.7683882659 1013460.6146575033 1013473.1492321667 1013460.3029629292 1013447.7683882659 ,7206714.28705971 7206730.916619013 7206721.250921226 7206704.602355449 7206714.28705971 ,Rüsdorfer Straße
57,57,167317592,1013467.8058966086 1013476.4554210432 1013488.8675442667 1013480.2291517811 1013467.8058966086 ,7206750.362212359 7206764.004599595 7206756.089348335 7206742.446974823 7206750.362212359 ,Rüsdorfer Straße
58,58,167317595,1013837.4533977367 1013855.743190074 1013863.7693253603 1013845.468401074 1013837.4533977367 ,7206593.409866724 7206601.210794294 7206582.431501273 7206574.611565738 7206593.409866724 ,Hans-Böckler-Straße
59,59,167317596,1013304.3888841241 1013305.3350997958 1013322.5339611234 1013321.5877454518 1013304.3888841241 ,7206822.89355805 7206835.698872973 7206834.443075934 7206821.618735861 7206822.89355805 ,Rüsdorfer Straße
60,60,167317604,1013467.3717505945 1013478.8821859426 1013493.398247542 1013481.8878121938 1013467.3717505945 ,7206673.18898618 7206688.296308614 7206677.222676484 7206662.134402129 7206673.18898618 ,Rüsdorfer Straße
61,61,167317608,1013564.386686821 1013583.3889238994 1013587.0735990446 1013568.0713619662 1013564.386686821 ,7206740.544274677 7206748.04091591 7206738.698655979 7206731.202023654 7206740.544274677 ,Rüsdorfer Straße
62,62,167317611,1013508.1814759192 1013503.7064323896 1013538.6607524984 1013543.1357960284 1013508.1814759192 ,7206337.220289065 7206361.859027964 7206368.213742261 7206343.574983448 7206337.220289065 ,Berliner Straße
63,63,167317614,1013344.5863522494 1013354.6941620136 1013355.6515096343 1013345.5325679212 1013344.5863522494 ,7206765.488710097 7206766.459090194 7206756.526970193 7206755.5756183565 7206765.488710097 ,Rüsdorfer Straße
64,64,167317618,1013692.7937194508 1013710.2040878109 1013714.7570549845 1013697.3355546753 1013692.7937194508 ,7206377.7077710815 7206382.350146058 7206365.283723656 7206360.641358749 7206377.7077710815 ,Berliner Straße
65,65,167317620,1013360.2267407059 1013371.1917105492 1013372.6611278276 1013361.7072899337 1013360.2267407059 ,7206840.455681747 7206841.44509833 7206824.986550147 7206823.997135633 7206840.455681747 ,Rüsdorfer Straße
66,66,167317623,1013795.5416094532 1013828.0580327136 1013840.3922322938 1013807.8869409822 1013795.5416094532 ,7206429.249702696 7206460.395729132 7206447.495893815 7206416.349918464 7206429.249702696 ,Rüsdorfer Straße
67,67,167317625,1013435.4341886861 1013449.2378055443 1013450.607035281 1013436.8145503718 1013435.4341886861 ,7206878.015544875 7206879.366485539 7206865.324324855 7206863.973386598 7206878.015544875 ,Stettiner Straße
68,68,167317627,1013500.7342019852 1013508.6490177808 1013516.5749655251 1013508.6601497298 1013500.7342019852 ,7206728.785598005 7206738.375197078 7206731.848940884 7206722.240322813 7206728.785598005 ,Rüsdorfer Straße
69,69,167317631,1013518.5787163595 1013525.9591985991 1013533.2172293988 1013525.8256152102 1013518.5787163595 ,7206716.322942084 7206725.512959731 7206719.671684331 7206710.48167351 7206716.322942084 ,Rüsdorfer Straße
70,70,167317633,1013847.6391311444 1013851.9360634888 1013835.5498344443 1013832.3772289566 1013847.6391311444 ,7206414.1428778535 7206404.382438443 7206399.587841066 7206410.35666308 7206414.1428778535 ,Berliner Straße
71,71,167317635,1013699.8402432181 1013721.4807522283 1013734.7055077346 1013713.0649987243 1013699.8402432181 ,7206509.845293859 7206535.968640753 7206525.009381968 7206498.886071477 7206509.845293859 ,Rüsdorfer Straße
72,72,167317639,1013486.9083212289 1013499.7991182626 1013510.0293794665 1013497.1274504836 1013486.9083212289 ,7206273.635575886 7206276.698741483 7206233.7003770135 7206230.637228164 7206273.635575886 ,Berliner Straße
73,73,167317641,1013468.0062716921 1013478.8821859426 1013489.8026279893 1013478.9378456881 1013468.0062716921 ,7206702.338153227 7206717.217208339 7206709.244923388 7206694.34685647 7206702.338153227 ,Rüsdorfer Straße
74,74,167317642,1013454.514349408 1013447.4900895389 1013460.6703172488 1013467.6834451689 1013454.514349408 ,7206217.947052765 7206253.696489833 7206256.284001966 7206220.534553136 7206217.947052765 ,Berliner Straße
75,75,167317645,1013579.7265126522 1013567.7819312902 1013575.6410873401 1013587.5856687023 1013579.7265126522 ,7206669.592914963 7206678.630663214 7206689.019329815 7206680.000596485 7206669.592914963 ,Rüsdorfer Straße
76,76,167317647,1013653.3086960667 1013676.218247272 1013680.760082496 1013658.6965594209 1013653.3086960667 ,7206292.35705384 7206298.521452672 7206279.742882393 7206272.874541136 7206292.35705384 ,Berliner Straße
77,77,167317648,1013278.1842759915 1013297.075193579 1013293.6576852115 1013274.7556356749 1013278.1842759915 ,7206801.278690415 7206797.263963617 7206781.12896854 7206785.143687099 7206801.278690415 ,Rüsdorfer Straße
78,78,167317649,1013801.6307855996 1013809.445413853 1013794.2169075125 1013786.4022792589 1013801.6307855996 ,7206477.043777962 7206468.082366726 7206454.801992633 7206463.744362408 7206477.043777962 ,Rüsdorfer Straße
79,79,167317655,1013865.9511873799 1013896.564047348 1013901.5511605354 1013870.9383005673 1013865.9511873799 ,7206504.308601476 7206512.432890264 7206493.672835627 7206485.548566218 7206504.308601476 ,Rüsdorfer Straße
80,80,167317657,1013649.5794931249 1013660.0323933103 1013670.4741615468 1013660.0212613613 1013649.5794931249 ,7206617.402500363 7206631.215897574 7206623.300779951 7206609.5064233225 7206617.402500363 ,Rüsdorfer Straße
81,81,167317658,1013820.24340446 1013815.456666356 1013842.3737192297 1013847.160457334 1013820.24340446 ,7206599.6886614775 7206611.7705988195 7206622.425551086 7206610.362624059 7206599.6886614775 ,Hans-Böckler-Straße
82,82,167317659,1013338.8311345755 1013337.6734118713 1013357.009607422 1013358.1784620754 1013338.8311345755 ,7206821.847062208 7206834.1576675465 7206835.984281417 7206823.654646019 7206821.847062208 ,Rüsdorfer Straße
83,83,167317660,1013754.7875438738 1013764.4946034709 1013776.3167333931 1013766.620805745 1013754.7875438738 ,7206538.575272262 7206551.113752689 7206541.961991865 7206529.423526029 7206538.575272262 ,Rüsdorfer Straße
84,84,167317663,1013681.8955413022 1013677.0197476054 1013689.3873430329 1013694.2074769841 1013681.8955413022 ,7206690.579533678 7206698.51374591 7206705.801051007 7206697.92391211 7206690.579533678 ,Neue Heimat
85,85,167317664,1013480.2514156793 1013492.7080666991 1013507.157336604 1013494.7006855843 1013480.2514156793 ,7206689.761377955 7206705.705916433 7206694.422964024 7206678.478448418 7206689.761377955 ,Rüsdorfer Straße
86,86,167317665,1013412.9587834948 1013426.3393862881 1013426.8737198439 1013413.4819851016 1013412.9587834948 ,7206908.30711531 7206908.801827853 7206894.131711354 7206893.636999731 7206908.30711531 ,Stettiner Straße
87,87,167317666,1013470.1102100681 1013484.3257090423 1013489.8471557858 1013475.6316568113 1013470.1102100681 ,7206241.672179934 7206245.838829542 7206226.9462305065 7206222.798616655 7206241.672179934 ,Berliner Straße
88,88,167317667,1013310.8120187427 1013324.0590381471 1013320.2853074094 1013316.3779932824 1013307.0382880048 1013310.8120187427 ,7206801.069391809 7206798.23434763 7206780.577182738 7206781.414375008 7206783.412220549 7206801.069391809 ,Rüsdorfer Straße
89,89,167317668,1013888.7939468906 1013851.6466328128 1013840.147329414 1013861.4093521555 1013855.2422523656 1013849.0640206265 1013845.1121787035 1013867.1868337276 1013888.7939468906 ,7206362.3156539695 7206344.526285444 7206368.518159838 7206378.716155575 7206391.577825771 7206388.628772315 7206396.867098615 7206407.445654969 7206362.3156539695 ,Berliner Straße
90,90,167317669,1013843.7429489668 1013857.0456281163 1013865.2387426387 1013851.9360634888 1013847.6391311444 1013843.7429489668 ,7206423.009096476 7206428.8691777885 7206410.223479677 7206404.382438443 7206414.1428778535 7206423.009096476 ,Rüsdorfer Straße
91,91,167317671,1013829.0933039781 1013849.5538263859 1013852.0028551833 1013854.5409395734 1013834.0915491149 1013829.0933039781 ,7206511.88112331 7206518.026667748 7206509.883346742 7206501.4165850105 7206495.271053553 7206511.88112331 ,Rüsdorfer Straße
92,92,167317672,1013737.0988767867 1013754.5203770957 1013755.0992384478 1013762.1457622153 1013747.7187562083 1013737.0988767867 ,7206551.208885392 7206564.032784535 7206563.214641973 7206554.3102122 7206543.179689155 7206551.208885392 ,Rüsdorfer Straße
93,93,167317673,1013534.53079939 1013536.0336125157 1013548.3232842993 1013552.475501306 1013538.6830163968 1013534.53079939 ,7206258.091455796 7206258.45294661 7206261.516106298 7206244.868513684 7206241.424844635 7206258.091455796 ,Berliner Straße
94,94,167317674,1013549.3362916656 1013532.6940277922 1013541.6663787499 1013553.577564265 1013558.3086426236 1013549.3362916656 ,7206692.139737851 7206704.450140153 7206716.589319255 7206707.779850425 7206704.259871041 7206692.139737851 ,Rüsdorfer Straße
95,95,167317675,1013407.370545057 1013417.7232577007 1013428.421060766 1013424.0684686758 1013418.0683481222 1013407.370545057 ,7206790.0336551275 7206806.111587003 7206799.185704628 7206792.431072467 7206783.107786911 7206790.0336551275 ,Rüsdorfer Straße
96,96,167317676,1013328.5786094734 1013326.8531573662 1013357.6775243669 1013360.2156087571 1013329.3912417563 1013328.5786094734 ,7206628.285780987 7206640.120414422 7206643.811605989 7206625.013184533 7206620.998547714 7206628.285780987 ,Rüsdorfer Straße
97,97,167317677,1013413.8159435738 1013417.3670353302 1013427.8644633121 1013431.5157426101 1013417.4560909228 1013413.8159435738 ,7206857.7704899805 7206858.28422663 7206859.806409497 7206834.671402654 7206832.616462422 7206857.7704899805 ,Stettiner Straße
98,98,167317678,1013681.6283745243 1013689.4430027781 1013695.5099150264 1013701.242868802 1013693.4282405485 1013681.6283745243 ,7206595.027131558 7206605.396661055 7206600.830261062 7206596.511210173 7206586.141692391 7206595.027131558 ,Rüsdorfer Straße
99,99,167317680,1013710.4489906908 1013716.671750226 1013725.8110804203 1013729.9632974268 1013714.5900757482 1013710.4489906908 ,7206308.319812618 7206309.803837127 7206311.991822497 7206294.678215795 7206290.987188089 7206308.319812618 ,Berliner Straße
100,100,167317682,1013440.7886561931 1013451.7536260361 1013462.5182207959 1013454.7147244914 1013451.5532509527 1013440.7886561931 ,7206769.370231187 7206786.799045588 7206779.987342788 7206767.600713981 7206762.558543483 7206769.370231187 ,Rüsdorfer Straße
101,101,167317683,1013325.0720455135 1013337.6622799223 1013337.6734118713 1013338.8311345755 1013326.0293931343 1013325.0720455135 ,7206837.772841243 7206838.495876181 7206834.1576675465 7206821.847062208 7206821.085974413 7206837.772841243 ,Rüsdorfer Straße
102,102,167317684,1013601.0664590372 1013609.159386018 1013620.4360504352 1013623.0409265197 1013614.9591314883 1013601.0664590372 ,7206654.067039067 7206664.170271003 7206655.132539375 7206653.03959248 7206642.955401605 7206654.067039067 ,Rüsdorfer Straße
103,103,167317685,1013375.9227889077 1013374.8541217963 1013379.3625611733 1013390.8284687252 1013391.8971358367 1013375.9227889077 ,7206825.785692733 7206836.15552649 7206836.612180034 7206837.791868477 7206827.422032563 7206825.785692733 ,Rüsdorfer Straße
104,104,167317688,1013430.3357560077 1013440.8999756838 1013447.7461243677 1013455.8056555012 1013446.8333045432 1013438.7849053588 1013437.1930366405 1013430.3357560077 ,7206728.5953283 7206744.1403783355 7206739.4787628 7206734.018016682 7206720.813301331 7206726.274038277 7206723.933721975 7206728.5953283 ,Rüsdorfer Straße
105,105,167317689,1013265.0151802306 1013270.9373771406 1013352.4009805033 1013355.7962249725 1013296.4852002779 1013268.4104246997 1013265.0151802306 ,7206733.314018332 7206734.056070654 7206744.444810469 7206717.788016644 7206710.215296545 7206706.638235316 7206733.314018332 ,Rüsdorfer Straße
106,106,167317690,1013301.2385425348 1013302.1736262573 1013298.2885760285 1013286.277202972 1013291.8320455627 1013291.7541219192 1013301.2385425348 ,7206864.487123657 7206840.037082458 7206824.434761269 7206827.136624429 7206851.415380114 7206864.563232852 7206864.487123657 ,Rüsdorfer Straße
107,107,167317698,1013583.1551529686 1013592.8622125657 1013597.6044228736 1013604.261328423 1013605.4747108727 1013595.7787832246 1013583.1551529686 ,7206666.377381779 7206679.372710372 7206675.852743697 7206670.82965885 7206669.954424697 7206656.959111665 7206666.377381779 ,Rüsdorfer Straße
108,108,167317699,1013328.1110676122 1013351.3434453406 1013353.1356891425 1013335.0796677358 1013334.8681607032 1013329.3801098072 1013328.1110676122 ,7206796.731203819 7206791.04209249 7206776.467331082 7206775.192516417 7206778.788635918 7206778.255877373 7206796.731203819 ,Rüsdorfer Straße
109,109,167317700,1013415.6861110193 1013422.8550862262 1013427.7086160248 1013430.4359435494 1013437.6049187564 1013427.6974840758 1013415.6861110193 ,7206741.952272742 7206751.503833814 7206747.85064574 7206751.484806789 7206746.100160387 7206732.914451725 7206741.952272742 ,Rüsdorfer Straße
110,110,167317701,1013392.6875042213 1013397.3295269873 1013407.2703575153 1013407.6377118349 1013410.2314559703 1013395.6374707273 1013392.6875042213 ,7206847.667009335 7206848.447126961 7206850.083471506 7206847.876309179 7206832.254945217 7206829.819461299 7206847.667009335 ,Stettiner Straße
111,111,167317704,1013418.0683481222 1013424.0684686758 1013433.9091116622 1013435.8905985983 1013444.6069147271 1013436.6253072375 1013418.0683481222 ,7206783.107786911 7206792.431072467 7206786.056988288 7206789.139380592 7206783.4883289635 7206771.101694648 7206783.107786911 ,Rüsdorfer Straße
112,112,167317706,1013558.3086426236 1013561.1584215879 1013568.639091369 1013570.3979393238 1013558.5758094015 1013549.3362916656 1013558.3086426236 ,7206704.259871041 7206708.103308066 7206702.56647611 7206701.272646523 7206685.309090165 7206692.139737851 7206704.259871041 ,Rüsdorfer Straße
113,113,167317709,1013787.9050923845 1013818.3843689638 1013833.4013682719 1013808.9667400429 1013803.6456683828 1013802.9109597438 1013787.9050923845 ,7206512.756339873 7206547.270392372 7206534.027937565 7206506.363455927 7206500.332079108 7206499.513943176 7206512.756339873 ,Rüsdorfer Straße
114,114,167317710,1013717.9073965738 1013724.0188366184 1013715.5362914199 1013701.3319243947 1013711.6623731403 1013719.7553001211 1013717.9073965738 ,7206583.630178215 7206578.816444949 7206568.047392272 7206579.2350303335 7206592.363401422 7206585.989479387 7206583.630178215 ,Rüsdorfer Straße
115,115,167317711,1013724.0188366184 1013726.1116430453 1013730.0523530194 1013734.7166396837 1013728.0931299815 1013724.1412880583 1013715.5362914199 1013724.0188366184 ,7206578.816444949 7206581.480170502 7206578.359806374 7206574.687672127 7206566.277920362 7206561.254905495 7206568.047392272 7206578.816444949 ,Rüsdorfer Straße
116,116,167317713,1013609.159386018 1013615.4823330949 1013620.6252935695 1013627.3489908136 1013631.3008327367 1013625.1114690485 1013620.4360504352 1013609.159386018 ,7206664.170271003 7206669.079190641 7206671.2292223 7206674.292542757 7206664.22735145 7206661.449437025 7206655.132539375 7206664.170271003 ,Rüsdorfer Straße
117,117,167317715,1013271.8056691689 1013275.746379143 1013273.4643295819 1013250.5993061729 1013251.9907998078 1013240.2020657327 1013234.8698621235 1013271.8056691689 ,7206934.469840711 7206916.051272963 7206915.556559958 7206910.647486475 7206904.140114713 7206901.609471602 7206926.554417879 7206934.469840711 ,Rüsdorfer Straße
118,118,167317722,1013402.1496609388 1013409.8974974981 1013412.713880615 1013419.2928625208 1013410.6878658825 1013404.9660440559 1013407.1367741262 1013398.5317774878 1013402.1496609388 ,7206762.634651691 7206757.230970617 7206761.264704027 7206756.698213531 7206744.330648416 7206748.326321173 7206751.44675274 7206757.440268059 7206762.634651691 ,Rüsdorfer Straße
119,119,167317723,1013628.384262078 1013638.6145232817 1013639.7054542917 1013645.082185697 1013652.3624803949 1013646.9857489894 1013648.1100758464 1013637.8909465917 1013628.384262078 ,7206632.852196922 7206645.695255964 7206644.820024603 7206651.574529988 7206645.77136304 7206639.016862646 7206638.122605282 7206625.279558611 7206632.852196922 ,Rüsdorfer Straße
120,120,167317724,1013751.626070335 1013747.2066865509 1013742.1416497196 1013753.6966128639 1013747.1398948563 1013782.2277983543 1013799.5825069689 1013801.697577294 1013807.330343528 1013771.7415023216 1013778.3650120236 1013760.0974835845 1013750.2568405983 1013759.7746570613 1013751.626070335 ,7206374.20696553 7206373.04637273 7206392.510107416 7206395.516240824 7206420.687896642 7206429.8204901 7206363.152801718 7206363.704558237 7206342.071926531 7206332.8062528735 7206307.368514998 7206302.612028639 7206340.416661646 7206342.890046082 7206374.20696553 ,Berliner Straße
121,121,167319767,1013499.0978054707 1013505.888294409 1013504.8307592464 1013516.1853473074 1013506.0775375435 1013503.6062448478 1013497.7174437849 1013483.4796809123 1013487.4649186828 1013486.0288972515 1013499.0978054707 ,7206679.5058983285 7206674.273515918 7206672.903583644 7206664.15124419 7206651.041780053 7206652.944458545 7206645.29569381 7206656.255120212 7206661.430410213 7206662.533965139 7206679.5058983285 ,Rüsdorfer Straße
122,122,167319773,1013567.6817437485 1013582.9770417833 1013573.7152601493 1013558.4199621143 1013567.6817437485 ,7206650.4519498125 7206638.997835892 7206626.630455866 7206638.06552503 7206650.4519498125 ,Rüsdorfer Straße
123,123,167319776,1013660.7671019498 1013681.4725272371 1013684.533813234 1013663.8395198955 1013660.7671019498 ,7206548.678355831 7206554.272159103 7206542.913317855 7206537.319522668 7206548.678355831 ,Rüsdorfer Straße
124,124,167319781,1013655.4460302896 1013663.7393323538 1013674.2478922848 1013665.9545902206 1013662.0918038902 1013655.4460302896 ,7206567.305355614 7206579.120870683 7206571.738550009 7206559.92304603 7206562.643844893 7206567.305355614 ,Rüsdorfer Straße
125,125,167319783,1013611.1631368522 1013625.5010872665 1013618.4211676519 1013614.9591314883 1013600.6211810741 1013611.1631368522 ,7206617.554713971 7206607.128088416 7206597.386436154 7206592.6297743935 7206603.037354063 7206617.554713971 ,Rüsdorfer Straße
126,126,167319784,1013547.9225341326 1013562.9617973388 1013563.3848114037 1013583.8230699133 1013585.6709734604 1013550.2045836939 1013547.9225341326 ,7206578.340779767 7206580.186360835 7206576.723518363 7206579.2350303335 7206564.280129975 7206559.9040194675 7206578.340779767 ,Rüsdorfer Straße
127,127,167319785,1013637.7239673556 1013648.7779927913 1013637.1562379524 1013635.553237285 1013629.4084013932 1013626.1022125167 1013637.7239673556 ,7206598.109448992 7206590.2704712255 7206573.869528459 7206575.011124301 7206579.368216598 7206581.708489877 7206598.109448992 ,Rüsdorfer Straße
128,128,167319787,1013611.1631368522 1013600.6211810741 1013588.4873565775 1013594.4206854369 1013597.1925407576 1013601.8011676766 1013611.1631368522 ,7206617.554713971 7206603.037354063 7206611.846705567 7206620.009158858 7206617.992328119 7206624.347249368 7206617.554713971 ,Rüsdorfer Straße
129,129,167319789,1013554.713023071 1013567.6817437485 1013558.4199621143 1013556.0154611132 1013547.1210337988 1013546.1636861782 1013542.1227886621 1013554.713023071 ,7206660.003399763 7206650.4519498125 7206638.06552503 7206634.583630327 7206641.052725534 7206639.73987931 7206642.670000168 7206660.003399763 ,Rüsdorfer Straße
130,130,167319790,1013536.6347377662 1013547.5440478638 1013537.9817036047 1013536.3007792939 1013533.8517504962 1013530.0891517075 1013527.072393507 1013536.6347377662 ,7206673.931032829 7206665.730469936 7206653.001538906 7206654.257306973 7206656.102905856 7206658.937898795 7206661.202088524 7206673.931032829 ,Rüsdorfer Straße
131,131,167319793,1013505.888294409 1013512.3559568243 1013516.7196808632 1013533.0057223663 1013528.6308663781 1013523.9554477647 1013521.4062314256 1013518.5675844104 1013516.1853473074 1013504.8307592464 1013505.888294409 ,7206674.273515918 7206682.664356309 7206688.353389236 7206675.814690012 7206670.144692983 7206664.05611012 7206666.015872216 7206662.324670227 7206664.15124419 7206672.903583644 7206674.273515918 ,Rüsdorfer Straße
132,132,331831162,1013622.9852667744 1013625.4342955719 1013628.1950189436 1013612.120484473 1013609.1927818652 1013604.0052935942 1013622.9852667744 ,7207026.354021919 7207013.12978806 7206998.288228342 7206995.510195919 7206994.958395077 7207022.929038356 7207026.354021919 ,Hans-Böckler-Straße
133,133,331831170,1013644.1582339233 1013634.3175909373 1013649.7910001576 1013654.6667938542 1013659.6316431436 1013644.1582339233 ,7206922.653791772 7206951.975131037 7206957.169643161 7206942.632628854 7206927.84828453 7206922.653791772 ,Hans-Böckler-Straße
134,134,331831198,1013794.3059631054 1013817.4270213431 1013821.2564118264 1013798.1242216395 1013794.3059631054 ,7206328.734687204 7206335.67918132 7206322.969810444 7206316.025327555 7206328.734687204 ,Berliner Straße
135,135,398472696,1013270.4253074831 1013270.3028560432 1013289.5166001542 1013295.661436046 1013282.7706390121 1013281.5238607151 1013284.0285492579 1013281.9691386784 1013279.6536932699 1013278.5182344639 1013272.0060442523 1013270.4253074831 ,7207011.303133044 7207011.89299035 7207015.489218085 7206982.457262184 7206980.040759338 7206986.7955526225 7206987.252214913 7206998.326283591 7206997.888648273 7207003.9774895925 7207002.75972095 7207011.303133044 ,Rüsdorfer Straße
136,136,398498093,1013572.0009399912 1013594.0421991681 1013595.7119915303 1013582.643083311 1013573.6707323531 1013572.0009399912 ,7206880.508125725 7206882.639187839 7206865.286270252 7206864.03046849 7206863.155212835 7206880.508125725 ,Stettiner Straße
137,137,398498125,1013551.640605125 1013543.1803238248 1013529.5993459481 1013527.9295535861 1013549.9708127632 1013551.640605125 ,7206861.043183291 7206860.225009838 7206858.912127027 7206876.246003224 7206878.377064183 7206861.043183291 ,Stettiner Straße
138,138,398519144,1013490.5039407815 1013501.7360774024 1013502.3149387544 1013493.4761711855 1013493.1756085604 1013487.4871825809 1013486.674550298 1013490.5039407815 ,7206883.286117526 7206883.837910532 7206868.520912073 7206867.512464777 7206869.9860149855 7206869.301031773 7206882.962652675 7206883.286117526 ,Im Redder
139,139,398519145,1013534.8424939644 1013523.5992253942 1013522.9535723475 1013534.1968409178 1013534.8424939644 ,7206937.93284071 7206937.381043903 7206950.243627756 7206950.814452972 7206937.93284071 ,Im Redder
140,140,398519147,1013494.9121926168 1013483.6800559957 1013483.034402949 1013494.2665395703 1013494.9121926168 ,7206975.017480198 7206974.465680794 7206987.347352897 7206987.8991532065 7206975.017480198 ,Im Redder
141,141,398519150,1013536.901904544 1013525.6586359738 1013525.0129829274 1013536.2562514973 1013536.901904544 ,7206980.440338494 7206979.869511131 7206992.751192085 7206993.302992771 7206980.440338494 ,Im Redder
142,142,398519153,1013491.5726078929 1013480.3293393228 1013479.6836862763 1013490.9269548464 1013491.5726078929 ,7207011.854935038 7207011.303133044 7207024.165837802 7207024.736668385 7207011.854935038 ,Im Redder
143,143,398519154,1013533.9185421908 1013522.8088570095 1013521.9739608286 1013533.0947779589 1013533.9185421908 ,7207016.535739696 7207015.869771378 7207029.531646892 7207030.197616361 7207016.535739696 ,Im Redder
144,144,398519158,1013491.4835523003 1013480.2402837303 1013479.5946306838 1013490.8378992537 1013491.4835523003 ,7207053.563666567 7207052.992833891 7207065.874634618 7207066.445468228 7207053.563666567 ,Im Redder
145,145,398519160,1013528.1410606187 1013516.9089239975 1013516.263270951 1013527.4954075719 1013528.1410606187 ,7207056.170469632 7207055.599636769 7207068.481441766 7207069.033247766 7207056.170469632 ,Im Redder
146,146,398519167,1013501.1015563048 1013489.8582877348 1013489.212634688 1013500.4559032584 1013501.1015563048 ,7206896.719434197 7206896.167640282 7206909.030156732 7206909.600978957 7206896.719434197 ,Im Redder
147,147,398519168,1013538.449245466 1013527.2059768959 1013526.5603238492 1013537.8035924195 1013538.449245466 ,7206899.288130507 7206898.736336412 7206911.617884479 7206912.169679472 7206899.288130507 ,Im Redder
148,148,398519172,1013499.2981805541 1013488.054911984 1013487.4092589373 1013498.6525275073 1013499.2981805541 ,7206934.850390089 7206934.279566029 7206947.1611723155 7206947.712969804 7206934.850390089 ,Im Redder
149,149,398521169,1013659.3088166204 1013647.2195199203 1013642.4884415615 1013654.5443424145 1013659.3088166204 ,7206755.746861679 7206748.4024292445 7206756.184483516 7206763.528923214 7206755.746861679 ,Neue Heimat
150,150,398521170,1013696.2668875636 1013691.7918440336 1013704.582453526 1013705.7958359756 1013710.9499283992 1013714.2115894796 1013709.0463651068 1013696.2668875636 ,7206740.487193681 7206748.1550780125 7206755.670753537 7206753.596806913 7206756.62210538 7206751.047185212 7206748.002861872 7206740.487193681 ,Neue Heimat
151,151,398521171,1013664.0176310808 1013651.9172024316 1013647.2195199203 1013659.3088166204 1013664.0176310808 ,7206747.926753806 7206740.601355674 7206748.4024292445 7206755.746861679 7206747.926753806 ,Neue Heimat
152,152,398521172,1013700.7307991445 1013696.2668875636 1013709.0463651068 1013713.5102766877 1013700.7307991445 ,7206732.857370786 7206740.487193681 7206748.002861872 7206740.354004691 7206732.857370786 ,Neue Heimat
153,153,398521173,1013667.6355145315 1013663.5834850667 1013662.9489639694 1013671.0975506952 1013675.3165593963 1013680.0031099588 1013667.6355145315 ,7206714.534409877 7206721.441190754 7206722.525727141 7206727.339548368 7206729.813054491 7206721.802702866 7206714.534409877 ,Neue Heimat
154,154,398521174,1013745.5146302907 1013736.4977515363 1013733.8260837572 1013742.8429625115 1013745.5146302907 ,7206725.817391139 7206724.123991573 7206738.451305053 7206740.144707704 7206725.817391139 ,Neue Heimat
155,155,398521175,1013672.3220650939 1013667.6355145315 1013680.0031099588 1013684.7007924704 1013672.3220650939 ,7206706.524073811 7206714.534409877 7206721.802702866 7206713.811386336 7206706.524073811 ,Neue Heimat
156,156,398521176,1013754.531509045 1013745.5146302907 1013742.8429625115 1013751.8487093167 1013754.531509045 ,7206727.491764103 7206725.817391139 7206740.144707704 7206741.819083724 7206727.491764103 ,Neue Heimat
157,157,398521177,1013615.8608193639 1013611.5082272737 1013629.5865125785 1013633.9391046683 1013615.8608193639 ,7206787.655265632 7206795.075843241 7206805.731043856 7206798.291429051 7206787.655265632 ,Neue Heimat
158,158,398521178,1013677.0197476054 1013672.3220650939 1013684.7007924704 1013689.3873430329 1013677.0197476054 ,7206698.51374591 7206706.524073811 7206713.811386336 7206705.801051007 7206698.51374591 ,Neue Heimat
159,159,398521179,1013763.5483877992 1013754.531509045 1013751.8487093167 1013760.8655880709 1013763.5483877992 ,7206729.185164401 7206727.491764103 7206741.819083724 7206743.512487105 7206729.185164401 ,Neue Heimat
160,160,398521180,1013718.2413550462 1013715.692138707 1013724.7535452577 1013727.3027615969 1013718.2413550462 ,7206681.75106712 7206695.431389127 7206697.105755626 7206683.425430708 7206681.75106712 ,Neue Heimat
161,161,398521181,1013727.3027615969 1013724.7535452577 1013733.8149518082 1013736.3641681472 1013727.3027615969 ,7206683.425430708 7206697.105755626 7206698.799149375 7206685.118821513 7206683.425430708 ,Neue Heimat
162,162,398521182,1013666.2885486931 1013678.0772827681 1013682.7304374832 1013670.9417034083 1013666.2885486931 ,7206791.34652644 7206798.329483327 7206790.509333113 7206783.507356065 7206791.34652644 ,Neue Heimat
163,163,398521183,1013736.3641681472 1013733.8149518082 1013742.8763583588 1013745.425574698 1013736.3641681472 ,7206685.118821513 7206698.799149375 7206700.473516587 7206686.793185817 7206685.118821513 ,Neue Heimat
164,164,398521184,1013763.3702766139 1013754.3533978595 1013751.9711607565 1013760.9880395109 1013763.3702766139 ,7206690.218022997 7206688.619765461 7206702.071776539 7206703.6700368095 7206690.218022997 ,Neue Heimat
165,165,398521185,1013772.376023419 1013763.3702766139 1013760.9880395109 1013769.993786316 1013772.376023419 ,7206691.8162808595 7206690.218022997 7206703.6700368095 7206705.268297404 7206691.8162808595 ,Neue Heimat
166,166,398521186,1013781.3929021732 1013772.376023419 1013769.993786316 1013779.0106650704 1013781.3929021732 ,7206693.395512161 7206691.8162808595 7206705.268297404 7206706.847531408 7206693.395512161 ,Neue Heimat
167,167,398521187,1013670.9417034083 1013682.7304374832 1013687.3724602493 1013675.5837261742 1013670.9417034083 ,7206783.507356065 7206790.509333113 7206782.670163578 7206775.68722059 7206783.507356065 ,Neue Heimat
168,168,398521188,1013637.9466063372 1013642.8001361358 1013632.6366666261 1013630.3991448614 1013625.556747012 1013637.9466063372 ,7206791.46068917 7206783.202922424 7206777.20938747 7206775.896518519 7206784.154277598 7206791.46068917 ,Neue Heimat
169,169,398521189,1013675.5837261742 1013687.3724602493 1013692.0144830154 1013680.2257489404 1013675.5837261742 ,7206775.68722059 7206782.670163578 7206774.831001853 7206767.84806583 7206775.68722059 ,Neue Heimat
170,170,398521190,1013654.5443424145 1013642.4884415615 1013641.5644897879 1013637.7462312536 1013639.326968023 1013649.8021321066 1013654.5443424145 ,7206763.528923214 7206756.184483516 7206757.687619578 7206763.966545486 7206764.936925394 7206771.310992455 7206763.528923214 ,Neue Heimat
171,171,398521191,1013691.7918440336 1013687.3501963512 1013692.3261775896 1013700.1408058432 1013704.582453526 1013691.7918440336 ,7206748.1550780125 7206755.746861679 7206758.677025755 7206763.262544453 7206755.670753537 7206748.1550780125 ,Neue Heimat
172,172,437558654,1013271.3492592566 1013287.8356758431 1013291.7986497154 1013275.3011011798 1013274.2435660171 1013271.3492592566 ,7206678.383314172 7206681.389556851 7206659.565783277 7206656.578575741 7206662.419804281 7206678.383314172 ,Rüsdorfer Straße
